{
  "starting_capital": 491.24,
  "final_capital": 1060.9828491629728,
  "total_pnl_usd": 569.7428491629728,
  "return_pct": 1.1598054905198534,
  "doublings": 1.1109013908618517,
  "n_trades": 118,
  "win_rate": 0.6101694915254238,
  "profit_factor": 1.3573882733590947,
  "avg_win_usd": 30.054546644092195,
  "avg_loss_usd": 34.656184982862285,
  "wins": 72,
  "losses": 46,
  "trades_per_double": 70.86763313504908,
  "equity_curve_tail": [
    [
      1778076000000,
      915.8720546086895
    ],
    [
      1778158800000,
      960.2905054564171
    ],
    [
      1778205600000,
      907.7472359253411
    ],
    [
      1778259600000,
      948.2754865663386
    ],
    [
      1778288400000,
      899.3961264390673
    ],
    [
      1778432400000,
      851.1353485283294
    ],
    [
      1778432400000,
      804.7747792086186
    ],
    [
      1778443200000,
      844.633816574177
    ],
    [
      1778443200000,
      883.4308606353367
    ],
    [
      1778464800000,
      925.3621116196518
    ],
    [
      1778468400000,
      967.8975358375802
    ],
    [
      1778576400000,
      1015.1476124003864
    ],
    [
      1778598000000,
      961.3117468422889
    ],
    [
      1778612400000,
      1002.8947210176426
    ],
    [
      1778623200000,
      1045.9637025306486
    ],
    [
      1778684400000,
      986.6105922285199
    ],
    [
      1778695200000,
      1030.0422572033167
    ],
    [
      1778716800000,
      1075.0122283891485
    ],
    [
      1778767200000,
      1121.0454564906138
    ],
    [
      1778914800000,
      1060.9828491629728
    ]
  ],
  "params": {
    "tf": "1h",
    "risk_pct": 0.05,
    "days": 90,
    "coins": [
      "BTC",
      "ETH",
      "SOL"
    ],
    "starting_capital": 491.24,
    "strategy_env": {
      "DC_TP_ATR_MULT": "2",
      "DC_INVERT": "1"
    }
  }
}