{
  "starting_capital": 491.24,
  "final_capital": 11.84329173613395,
  "total_pnl_usd": -479.39670826386606,
  "return_pct": -0.9758910273264922,
  "doublings": -5.374286013343334,
  "n_trades": 182,
  "win_rate": 0.2857142857142857,
  "profit_factor": 0.896954690675387,
  "avg_win_usd": 80.24795652998394,
  "avg_loss_usd": 35.7868495986387,
  "wins": 52,
  "losses": 130,
  "trades_per_double": null,
  "equity_curve_tail": [
    [
      1776700800000,
      42.96807954583533
    ],
    [
      1776772800000,
      38.11818269815952
    ],
    [
      1776931200000,
      34.16233997564485
    ],
    [
      1777262400000,
      30.531502956512256
    ],
    [
      1777262400000,
      27.717302650580514
    ],
    [
      1777291200000,
      26.22310194893933
    ],
    [
      1777435200000,
      23.553406452044207
    ],
    [
      1777449600000,
      22.255584018695522
    ],
    [
      1777593600000,
      19.981487868306555
    ],
    [
      1777636800000,
      17.719878514096923
    ],
    [
      1777636800000,
      17.29280038232331
    ],
    [
      1777881600000,
      15.467599171586246
    ],
    [
      1777881600000,
      13.626882689928644
    ],
    [
      1778068800000,
      12.19869108855083
    ],
    [
      1778155200000,
      13.879040433012609
    ],
    [
      1778342400000,
      13.107185283112635
    ],
    [
      1778457600000,
      11.698554748206066
    ],
    [
      1778544000000,
      10.301147304578159
    ],
    [
      1778673600000,
      12.89891023868292
    ],
    [
      1778760000000,
      11.84329173613395
    ]
  ],
  "params": {
    "tf": "4h",
    "risk_pct": 0.1,
    "days": 365,
    "coins": [
      "BTC",
      "ETH",
      "SOL"
    ],
    "starting_capital": 491.24,
    "strategy_env": {
      "DC_TP_ATR_MULT": "20",
      "DC_N_EXIT": "10",
      "DC_N_ENTRY": "20",
      "DC_EMA_FILTER": "50"
    }
  }
}