{
  "starting_capital": 491.24,
  "final_capital": 23.431813704393452,
  "total_pnl_usd": -467.80818629560656,
  "return_pct": -0.9523006805138151,
  "doublings": -4.389887505952946,
  "n_trades": 83,
  "win_rate": 0.24096385542168675,
  "profit_factor": 0.6251063781880796,
  "avg_win_usd": 39.00171462088646,
  "avg_loss_usd": 19.80702347164025,
  "wins": 20,
  "losses": 63,
  "trades_per_double": null,
  "equity_curve_tail": [
    [
      1772798400000,
      124.69035135209381
    ],
    [
      1772798400000,
      108.69520262938931
    ],
    [
      1773835200000,
      97.33114676829666
    ],
    [
      1773835200000,
      86.11204150443936
    ],
    [
      1773864000000,
      74.86533472364502
    ],
    [
      1774252800000,
      67.24505208139017
    ],
    [
      1774857600000,
      60.43946097043474
    ],
    [
      1775016000000,
      53.61473717335769
    ],
    [
      1775592000000,
      46.81213256425826
    ],
    [
      1776499200000,
      41.96837384413324
    ],
    [
      1776628800000,
      43.117009688986464
    ],
    [
      1777291200000,
      54.94919815513143
    ],
    [
      1777636800000,
      49.352317806615474
    ],
    [
      1777881600000,
      44.0598758817826
    ],
    [
      1778068800000,
      39.442617214817226
    ],
    [
      1778068800000,
      34.80992156596106
    ],
    [
      1778659200000,
      31.255272899737196
    ],
    [
      1778673600000,
      26.604180424575738
    ],
    [
      1778716800000,
      26.14372841096141
    ],
    [
      1778760000000,
      23.431813704393452
    ]
  ],
  "params": {
    "tf": "4h",
    "risk_pct": 0.1,
    "days": 365,
    "coins": [
      "BTC",
      "ETH",
      "SOL"
    ],
    "starting_capital": 491.24,
    "strategy_env": {
      "DC_N_EXIT": "30",
      "DC_N_ENTRY": "60",
      "DC_EMA_FILTER": "200"
    }
  }
}