{
  "starting_capital": 491.24,
  "final_capital": 118.79025813127599,
  "total_pnl_usd": -372.449741868724,
  "return_pct": -0.7581828472207557,
  "doublings": -2.048011512203253,
  "n_trades": 21,
  "win_rate": 0.047619047619047616,
  "profit_factor": 0.5403027148625772,
  "avg_win_usd": 437.75678732011653,
  "avg_loss_usd": 40.510326459442034,
  "wins": 1,
  "losses": 20,
  "trades_per_double": null,
  "equity_curve_tail": [
    [
      1772636400000,
      391.0857019035514
    ],
    [
      1773630000000,
      351.31853176358203
    ],
    [
      1773637200000,
      315.37004457887485
    ],
    [
      1773684000000,
      283.1321928749399
    ],
    [
      1773698400000,
      254.22250387913925
    ],
    [
      1773705600000,
      691.9792911992558
    ],
    [
      1774134000000,
      618.786071322281
    ],
    [
      1774137600000,
      551.191506387466
    ],
    [
      1774605600000,
      491.783840051124
    ],
    [
      1774821600000,
      439.4451732717265
    ],
    [
      1775599200000,
      394.4629194820828
    ],
    [
      1775602800000,
      354.10760602709485
    ],
    [
      1775930400000,
      317.9480440683417
    ],
    [
      1776117600000,
      284.9691470965643
    ],
    [
      1776175200000,
      255.81204035222862
    ],
    [
      1776430800000,
      184.56830478532206
    ],
    [
      1776862800000,
      165.4944432078123
    ],
    [
      1777856400000,
      148.26409892038677
    ],
    [
      1777867200000,
      132.68395537842153
    ],
    [
      1778061600000,
      118.79025813127599
    ]
  ],
  "params": {
    "tf": "1h",
    "risk_pct": 0.1,
    "days": 90,
    "coins": [
      "BTC",
      "ETH",
      "SOL"
    ],
    "starting_capital": 491.24,
    "strategy_env": {
      "DC_INVERT": "1"
    }
  }
}