{
  "starting_capital": 491.24,
  "final_capital": 406.8796976610199,
  "total_pnl_usd": -84.36030233898009,
  "return_pct": -0.17172930204987397,
  "doublings": -0.2718257441127372,
  "n_trades": 109,
  "win_rate": 0.3669724770642202,
  "profit_factor": 0.9823424495843817,
  "avg_win_usd": 117.33041120762266,
  "avg_loss_usd": 69.24024276295488,
  "wins": 40,
  "losses": 69,
  "trades_per_double": null,
  "equity_curve_tail": [
    [
      1778061600000,
      465.12062532214674
    ],
    [
      1778112000000,
      603.0732703552083
    ],
    [
      1778137200000,
      536.0420557077784
    ],
    [
      1778158800000,
      629.4693474622165
    ],
    [
      1778205600000,
      560.585239169304
    ],
    [
      1778259600000,
      505.34454197656817
    ],
    [
      1778288400000,
      453.2480400516592
    ],
    [
      1778346000000,
      548.7193521343755
    ],
    [
      1778432400000,
      489.831789668372
    ],
    [
      1778432400000,
      443.1052437957918
    ],
    [
      1778454000000,
      390.99247322495756
    ],
    [
      1778515200000,
      345.0722205704023
    ],
    [
      1778598000000,
      436.42368967000345
    ],
    [
      1778598000000,
      398.036854314779
    ],
    [
      1778598000000,
      456.6608458657979
    ],
    [
      1778684400000,
      404.89512710867837
    ],
    [
      1778774400000,
      542.7442112423369
    ],
    [
      1778850000000,
      498.85451463099866
    ],
    [
      1778850000000,
      455.7112718239963
    ],
    [
      1778914800000,
      406.8796976610199
    ]
  ],
  "params": {
    "tf": "1h",
    "risk_pct": 0.1,
    "days": 90,
    "coins": [
      "BTC",
      "ETH",
      "SOL"
    ],
    "starting_capital": 491.24,
    "strategy_env": {
      "DC_INVERT": "1"
    }
  }
}