{
  "starting_capital": 491.24,
  "final_capital": 147.5349220515141,
  "total_pnl_usd": -343.70507794848595,
  "return_pct": -0.699668345306746,
  "doublings": -1.735371553185085,
  "n_trades": 330,
  "win_rate": 0.5151515151515151,
  "profit_factor": 0.7923272635391296,
  "avg_win_usd": 7.713689294381385,
  "avg_loss_usd": 10.34395161245826,
  "wins": 170,
  "losses": 160,
  "trades_per_double": null,
  "equity_curve_tail": [
    [
      1778076000000,
      127.35654708504852
    ],
    [
      1778158800000,
      133.53315275651482
    ],
    [
      1778205600000,
      126.22675079090845
    ],
    [
      1778259600000,
      131.86240484876714
    ],
    [
      1778288400000,
      125.06548763941352
    ],
    [
      1778432400000,
      118.35458735217196
    ],
    [
      1778432400000,
      111.90792048451866
    ],
    [
      1778443200000,
      117.45051712066159
    ],
    [
      1778443200000,
      122.84543832594596
    ],
    [
      1778464800000,
      128.67618653302011
    ],
    [
      1778468400000,
      134.59094802173877
    ],
    [
      1778576400000,
      141.16130527880588
    ],
    [
      1778598000000,
      133.6751614311878
    ],
    [
      1778612400000,
      139.45748002236095
    ],
    [
      1778623200000,
      145.4464352965884
    ],
    [
      1778684400000,
      137.1930912308971
    ],
    [
      1778695200000,
      143.23247943748237
    ],
    [
      1778716800000,
      149.4857767445922
    ],
    [
      1778767200000,
      155.88692519396363
    ],
    [
      1778914800000,
      147.5349220515141
    ]
  ],
  "params": {
    "tf": "1h",
    "risk_pct": 0.05,
    "days": 365,
    "coins": [
      "BTC",
      "ETH",
      "SOL"
    ],
    "starting_capital": 491.24,
    "strategy_env": {
      "DC_TP_ATR_MULT": "2",
      "DC_INVERT": "1"
    }
  }
}