{
  "starting_capital": 491.24,
  "final_capital": 420.2723963861933,
  "total_pnl_usd": -70.96760361380672,
  "return_pct": -0.14446625603331714,
  "doublings": -0.22510333626464593,
  "n_trades": 24,
  "win_rate": 0.5,
  "profit_factor": 0.9127144187714746,
  "avg_win_usd": 61.84025869671322,
  "avg_loss_usd": 67.75422566453044,
  "wins": 12,
  "losses": 12,
  "trades_per_double": null,
  "equity_curve_tail": [
    [
      1772582400000,
      791.658232846323
    ],
    [
      1772582400000,
      882.3607220276958
    ],
    [
      1773446400000,
      816.5944354806926
    ],
    [
      1773619200000,
      907.0734790275541
    ],
    [
      1773619200000,
      994.7670704963514
    ],
    [
      1773619200000,
      1071.9548185790359
    ],
    [
      1773619200000,
      1107.660061371012
    ],
    [
      1773878400000,
      1024.7316990264421
    ],
    [
      1773878400000,
      932.9728522190157
    ],
    [
      1773878400000,
      820.8493353366263
    ],
    [
      1773878400000,
      708.7574558834576
    ],
    [
      1775433600000,
      637.5513903219953
    ],
    [
      1775520000000,
      580.8569425195308
    ],
    [
      1776211200000,
      509.4997306345957
    ],
    [
      1776297600000,
      452.8727404384669
    ],
    [
      1777334400000,
      422.7553805110979
    ],
    [
      1777939200000,
      440.0128139952411
    ],
    [
      1778803200000,
      422.2552127004481
    ],
    [
      1778889600000,
      464.8945356588482
    ],
    [
      1778889600000,
      420.2723963861933
    ]
  ],
  "params": {
    "tf": "1d",
    "risk_pct": 0.1,
    "days": 365,
    "coins": [
      "BTC",
      "ETH",
      "SOL",
      "XRP",
      "BNB",
      "DOGE",
      "AVAX",
      "LINK",
      "LTC",
      "DOT"
    ],
    "starting_capital": 491.24,
    "strategy_env": {
      "DC_N_EXIT": "10",
      "DC_N_ENTRY": "20",
      "DC_EMA_FILTER": "50"
    }
  }
}