{
  "starting_capital": 491.24,
  "final_capital": 1.3006291984545568,
  "total_pnl_usd": -489.93937080154546,
  "return_pct": -0.9973523548602423,
  "doublings": -8.561074511995283,
  "n_trades": 74,
  "win_rate": 0.0945945945945946,
  "profit_factor": 0.1083632360321968,
  "avg_win_usd": 8.506253062606202,
  "avg_loss_usd": 8.201240928952073,
  "wins": 7,
  "losses": 67,
  "trades_per_double": null,
  "equity_curve_tail": [
    [
      1777604400000,
      4.710490412924914
    ],
    [
      1777665600000,
      4.181366517575925
    ],
    [
      1777770000000,
      3.6910502229054716
    ],
    [
      1777888800000,
      3.273637794981656
    ],
    [
      1777888800000,
      2.871212302465712
    ],
    [
      1777888800000,
      2.462371846511319
    ],
    [
      1778072400000,
      2.1933951551638238
    ],
    [
      1778158800000,
      1.917306409504412
    ],
    [
      1778346000000,
      1.7185245075509061
    ],
    [
      1778432400000,
      4.151793414102579
    ],
    [
      1778443200000,
      3.9474654873324733
    ],
    [
      1778443200000,
      3.493610514543999
    ],
    [
      1778464800000,
      3.098180395091736
    ],
    [
      1778468400000,
      2.7151744273067524
    ],
    [
      1778576400000,
      2.42695760313205
    ],
    [
      1778612400000,
      2.171672466042102
    ],
    [
      1778659200000,
      1.8882783595422779
    ],
    [
      1778716800000,
      1.6930307709818435
    ],
    [
      1778767200000,
      1.4943114238645192
    ],
    [
      1778767200000,
      1.3006291984545568
    ]
  ]
}