{
  "starting_capital": 491.24,
  "final_capital": 646.7479592117589,
  "total_pnl_usd": 155.50795921175893,
  "return_pct": 0.3165620861732736,
  "doublings": 0.39677555731429176,
  "n_trades": 8,
  "win_rate": 0.5,
  "profit_factor": 1.7362638568069158,
  "avg_win_usd": 91.68005686037257,
  "avg_loss_usd": 52.803067057432855,
  "wins": 4,
  "losses": 4,
  "trades_per_double": 17.86120372928045,
  "equity_curve_tail": [
    [
      1772582400000,
      630.6608959461188
    ],
    [
      1773619200000,
      721.1399394929803
    ],
    [
      1773619200000,
      808.8335309617776
    ],
    [
      1773878400000,
      744.7874475901901
    ],
    [
      1773878400000,
      671.8374928570929
    ],
    [
      1776297600000,
      618.1602654704845
    ],
    [
      1778803200000,
      597.6212627320461
    ],
    [
      1778889600000,
      646.7479592117589
    ]
  ],
  "params": {
    "tf": "1d",
    "risk_pct": 0.1,
    "days": 365,
    "coins": [
      "BTC",
      "ETH",
      "SOL"
    ],
    "starting_capital": 491.24,
    "strategy_env": {
      "DC_TP_ATR_MULT": "20",
      "DC_N_EXIT": "10",
      "DC_N_ENTRY": "20",
      "DC_EMA_FILTER": "50"
    }
  }
}