{
  "starting_capital": 491.24,
  "final_capital": 57.25698737215659,
  "total_pnl_usd": -433.98301262784344,
  "return_pct": -0.8834439634961392,
  "doublings": -3.1009043704835375,
  "n_trades": 106,
  "win_rate": 0.3018867924528302,
  "profit_factor": 0.8653451503136622,
  "avg_win_usd": 87.15456038410531,
  "avg_loss_usd": 43.55309385025964,
  "wins": 32,
  "losses": 74,
  "trades_per_double": null,
  "equity_curve_tail": [
    [
      1774267200000,
      177.83593815342653
    ],
    [
      1774497600000,
      159.50483723140454
    ],
    [
      1774857600000,
      143.36200543940362
    ],
    [
      1775016000000,
      127.17378820435654
    ],
    [
      1775419200000,
      133.33978280199517
    ],
    [
      1776499200000,
      119.54280123600725
    ],
    [
      1776628800000,
      122.39935578125838
    ],
    [
      1777291200000,
      151.82545166829289
    ],
    [
      1777435200000,
      136.3688278277531
    ],
    [
      1777593600000,
      122.434553941245
    ],
    [
      1777636800000,
      108.57667403685275
    ],
    [
      1777852800000,
      99.8642605212383
    ],
    [
      1777881600000,
      88.22077417026966
    ],
    [
      1777881600000,
      76.76085314156214
    ],
    [
      1778068800000,
      68.71668787307769
    ],
    [
      1778659200000,
      61.699617750432324
    ],
    [
      1778673600000,
      53.596519351630874
    ],
    [
      1778673600000,
      68.21263949482126
    ],
    [
      1778760000000,
      62.72038574867372
    ],
    [
      1778760000000,
      57.25698737215659
    ]
  ],
  "params": {
    "tf": "4h",
    "risk_pct": 0.1,
    "days": 365,
    "coins": [
      "BTC",
      "ETH",
      "SOL"
    ],
    "starting_capital": 491.24,
    "strategy_env": {
      "DC_N_EXIT": "20",
      "DC_N_ENTRY": "40",
      "DC_EMA_FILTER": "100"
    }
  }
}