{
  "starting_capital": 491.24,
  "final_capital": -0.5731926058146897,
  "total_pnl_usd": -491.8131926058147,
  "return_pct": -1.0011668280388704,
  "doublings": 0,
  "n_trades": 418,
  "win_rate": 0.4784688995215311,
  "profit_factor": 0.8010896991070798,
  "avg_win_usd": 9.9036219017531,
  "avg_loss_usd": 11.341915472277224,
  "wins": 200,
  "losses": 218,
  "trades_per_double": null,
  "equity_curve_tail": [
    [
      1769878800000,
      7.654376202012651
    ],
    [
      1769878800000,
      6.702608668015521
    ],
    [
      1769878800000,
      6.182991833378958
    ],
    [
      1769878800000,
      5.34460692403628
    ],
    [
      1769878800000,
      4.560159986011675
    ],
    [
      1769878800000,
      3.833902464567897
    ],
    [
      1769878800000,
      3.1601168321377906
    ],
    [
      1769878800000,
      2.5464883779011522
    ],
    [
      1769882400000,
      2.0590913806673834
    ],
    [
      1769882400000,
      1.634582933768412
    ],
    [
      1769882400000,
      1.2402494061360039
    ],
    [
      1769882400000,
      0.8935465487290535
    ],
    [
      1769882400000,
      0.5690874199775662
    ],
    [
      1769882400000,
      0.2933992154877575
    ],
    [
      1769882400000,
      0.05727295297193044
    ],
    [
      1769882400000,
      -0.14097233624150476
    ],
    [
      1769882400000,
      -0.3045191102406101
    ],
    [
      1769882400000,
      -0.4359147334280195
    ],
    [
      1769954400000,
      -0.4655525794891349
    ],
    [
      1769986800000,
      -0.5731926058146897
    ]
  ],
  "params": {
    "tf": "1h",
    "risk_pct": 0.05,
    "days": 180,
    "coins": [
      "BTC",
      "ETH",
      "SOL",
      "XRP",
      "BNB",
      "DOGE",
      "AVAX",
      "LINK",
      "LTC",
      "DOT"
    ],
    "starting_capital": 491.24,
    "strategy_env": {
      "DC_TP_ATR_MULT": "2",
      "DC_INVERT": "1"
    }
  }
}