{
  "starting_capital": 491.24,
  "final_capital": 70.20441228390624,
  "total_pnl_usd": -421.0355877160938,
  "return_pct": -0.8570873457293661,
  "doublings": -2.8067944286620903,
  "n_trades": 118,
  "win_rate": 0.3898305084745763,
  "profit_factor": 0.5776425836870638,
  "avg_win_usd": 12.518147124098036,
  "avg_loss_usd": 13.845421603119494,
  "wins": 46,
  "losses": 72,
  "trades_per_double": null,
  "equity_curve_tail": [
    [
      1778076000000,
      100.60129481265378
    ],
    [
      1778158800000,
      95.17850197129516
    ],
    [
      1778205600000,
      99.7647871039267
    ],
    [
      1778259600000,
      94.5711502045116
    ],
    [
      1778288400000,
      98.91968503029912
    ],
    [
      1778432400000,
      102.92458282891033
    ],
    [
      1778432400000,
      107.47286399048708
    ],
    [
      1778443200000,
      101.47844719314708
    ],
    [
      1778443200000,
      95.60422744076024
    ],
    [
      1778464800000,
      90.19366565666057
    ],
    [
      1778468400000,
      84.9531001295581
    ],
    [
      1778576400000,
      80.4441977774864
    ],
    [
      1778598000000,
      84.50817573838863
    ],
    [
      1778612400000,
      80.06358198018812
    ],
    [
      1778623200000,
      75.66923197632049
    ],
    [
      1778684400000,
      79.2563926981203
    ],
    [
      1778695200000,
      75.11131653738315
    ],
    [
      1778716800000,
      71.01376929968195
    ],
    [
      1778767200000,
      66.94907342521914
    ],
    [
      1778914800000,
      70.20441228390624
    ]
  ],
  "params": {
    "tf": "1h",
    "risk_pct": 0.05,
    "days": 90,
    "coins": [
      "BTC",
      "ETH",
      "SOL"
    ],
    "starting_capital": 491.24,
    "strategy_env": {
      "DC_TP_ATR_MULT": "2",
      "DC_INVERT": "0"
    }
  }
}