{
  "starting_capital": 491.24,
  "final_capital": 0.5894089099518024,
  "total_pnl_usd": -490.6505910900482,
  "return_pct": -0.9988001610008309,
  "doublings": -9.702943454398008,
  "n_trades": 74,
  "win_rate": 0.04054054054054054,
  "profit_factor": 0.03797087807214303,
  "avg_win_usd": 6.455256341571967,
  "avg_loss_usd": 7.183329015700902,
  "wins": 3,
  "losses": 71,
  "trades_per_double": null,
  "equity_curve_tail": [
    [
      1777604400000,
      2.13466299458715
    ],
    [
      1777665600000,
      1.8948787895595587
    ],
    [
      1777770000000,
      1.6726811077631538
    ],
    [
      1777888800000,
      1.483521426867748
    ],
    [
      1777888800000,
      1.3011534074795326
    ],
    [
      1777888800000,
      1.115878305417693
    ],
    [
      1778072400000,
      0.9939855640906893
    ],
    [
      1778158800000,
      0.8688698379310478
    ],
    [
      1778346000000,
      0.7787874191388362
    ],
    [
      1778432400000,
      1.8814770831371381
    ],
    [
      1778443200000,
      1.7888813604412448
    ],
    [
      1778443200000,
      1.583206933705848
    ],
    [
      1778464800000,
      1.4040090224599608
    ],
    [
      1778468400000,
      1.2304413905434843
    ],
    [
      1778576400000,
      1.099829557156663
    ],
    [
      1778612400000,
      0.9841414466960703
    ],
    [
      1778659200000,
      0.8557151345716756
    ],
    [
      1778716800000,
      0.7672343681235091
    ],
    [
      1778767200000,
      0.677180297439928
    ],
    [
      1778767200000,
      0.5894089099518024
    ]
  ],
  "params": {
    "tf": "1h",
    "risk_pct": 0.1,
    "days": 90,
    "coins": [
      "BTC",
      "ETH",
      "SOL"
    ],
    "starting_capital": 491.24,
    "strategy_env": {
      "DC_INVERT": "0"
    }
  }
}