{
  "starting_capital": 491.24,
  "final_capital": 0.006894603700059258,
  "total_pnl_usd": -491.23310539629995,
  "return_pct": -0.9999859648976059,
  "doublings": -16.120600885266295,
  "n_trades": 147,
  "win_rate": 0.10204081632653061,
  "profit_factor": 0.21255617308435576,
  "avg_win_usd": 8.839964232485038,
  "avg_loss_usd": 4.726004309724057,
  "wins": 15,
  "losses": 132,
  "trades_per_double": null,
  "equity_curve_tail": [
    [
      1777507200000,
      0.024837451491307422
    ],
    [
      1777554000000,
      0.021962400310294544
    ],
    [
      1777604400000,
      0.019117577920635672
    ],
    [
      1777665600000,
      0.016970122685136434
    ],
    [
      1777888800000,
      0.015051010322966544
    ],
    [
      1777888800000,
      0.013200802504811662
    ],
    [
      1777888800000,
      0.011321100989742126
    ],
    [
      1778072400000,
      0.01008444280956272
    ],
    [
      1778158800000,
      0.008815085959105786
    ],
    [
      1778346000000,
      0.007901158198707998
    ],
    [
      1778432400000,
      0.01908845432756027
    ],
    [
      1778443200000,
      0.018168113741803292
    ],
    [
      1778443200000,
      0.01608145165260069
    ],
    [
      1778464800000,
      0.014261245787785305
    ],
    [
      1778468400000,
      0.012498229582071918
    ],
    [
      1778576400000,
      0.01117153763855498
    ],
    [
      1778623200000,
      0.010009717588926548
    ],
    [
      1778716800000,
      0.008974714877841823
    ],
    [
      1778767200000,
      0.007921308459212713
    ],
    [
      1778767200000,
      0.006894603700059258
    ]
  ],
  "params": {
    "tf": "1h",
    "risk_pct": 0.1,
    "days": 180,
    "coins": [
      "BTC",
      "ETH",
      "SOL"
    ],
    "starting_capital": 491.24,
    "strategy_env": {
      "DC_TP_ATR_MULT": "20",
      "DC_N_EXIT": "48",
      "DC_N_ENTRY": "96",
      "DC_EMA_FILTER": "200"
    }
  }
}